accession,normalization,neighbors,0,1,cluster,protein
>MH499091,l2,10,0.09435228,0.9955388,47,H13
>GQ907294,l2,10,0.97093236,-0.23935409,215,H16
>GQ907302,l2,10,-0.79495823,-0.6066641,238,H13
>MH498778,l2,10,0.4263895,0.90453964,238,H13
>MH499127,l2,10,0.10466492,0.9945076,47,H13
