accession,metric,neighbors,0,1,cluster,protein
>MH499091,cosine,-1,-0.9978555,-0.06545467,47,H13
>GQ907294,cosine,-1,0.9452824,-0.32625332,215,H16
>GQ907302,cosine,-1,-0.998135,-0.061045088,238,H13
>MH498778,cosine,-1,0.61334366,0.7898162,238,H13
>MH499127,cosine,-1,-0.9973541,-0.07269644,47,H13
