accession,normalization,neighbors,0,1,cluster,protein
>MH499091,l2,10,0.3992936,-0.91682315,254,H13
>GQ907294,l2,10,0.99812263,0.061246514,255,H16
>GQ907302,l2,10,0.49849978,-0.8668898,255,H13
>MH498778,l2,10,0.7801022,-0.6256521,255,H13
>MH499127,l2,10,0.39967054,-0.9166589,254,H13
