accession,metric,neighbors,0,1,cluster,protein
>MH499091,cosine,-1,-0.99785525,-0.06545881,47,H13
>GQ907294,cosine,-1,0.94528186,-0.32625496,215,H16
>GQ907302,cosine,-1,-0.9981351,-0.061044656,238,H13
>MH498778,cosine,-1,0.61334425,0.7898156,238,H13
>MH499127,cosine,-1,-0.9973541,-0.07269621,47,H13
