accession,H1,H10
>MK237334,0.04554565701559021,0.48997772828507796
