accession,N2,N8
>MG925516,0.004739336492891022,0.49140148950575496
