accession,N1,N3
>MK237837,0.042035690680766694,0.48684732319894247
