accession,H1,H10
>MK237334,0.039309576837416496,0.48184855233853
