accession,H1,H10
>MK237334,0.03192904656319293,0.4899113082039911
