accession,N1,N2
>MH346657,0.009947643979057586,0.5112565445026178
