accession,N1,N2
>MH346657,0.009736842105263155,0.508421052631579
