accession,N1,N3
>MK237837,0.03561103810775294,0.4968462549277267
