accession,N2,N8
>MG925516,0.00603217158176943,0.4833780160857909
