accession,N1,N2
>MH346657,0.011596091205211701,0.515700325732899
