accession,N2,N8
>MG925516,0.004657351962741174,0.48755821689953416
