accession,N1,N3
>MK237837,0.03544973544973544,0.48121693121693115
