segment,n_cluster,n_cluster_raw,n_cluster_norm,unclustered,H_unmatch,N_unmatch,epsilon
4,262,262,0.5230460921843687,0,3,102,0.0433707165204049
6,264,264,0.5270541082164328,0,91,4,0.0421606222459879
