segment,n_cluster,n_cluster_raw,n_cluster_norm,unclustered,H_unmatch,N_unmatch,epsilon
1,268,268,0.5350701402805611,0,106,111,0.05425744454532296
2,247,246,0.4909819639278557,0,88,89,0.058214736405604636
3,303,304,0.6072144288577155,0,102,104,0.041640893835901346
4,295,295,0.5891783567134269,0,2,109,0.026859387688319233
5,301,300,0.5991983967935872,0,96,96,0.0593834424932075
6,259,259,0.5170340681362725,0,88,4,0.03894587441349416
7,416,416,0.8316633266533067,0,101,108,0.088352169281885
8,377,378,0.7555110220440882,0,115,115,0.07157781621419071
