segment,n_cluster,n_cluster_raw,unclustered,H_unmatch,N_unmatch,epsilon,dbcv
1,282,282,0,110,116,0.04,0.8645689620486232
2,294,294,0,104,104,0.027,0.8582352957819964
3,303,304,0,102,104,0.042,0.9245135669864979
4,262,262,0,3,101,0.06,0.922991009627943
5,313,313,0,99,99,0.047,0.8719332981834746
6,281,281,0,94,4,0.027,0.887010878639237
7,425,426,0,103,110,0.075,0.853302363366111
8,405,407,0,119,118,0.039,0.8595416420571067
