accession,metric,neighbors,0,1,cluster,protein
>MH499091,cosine,-1,-0.9978553,-0.065457955,46,H13
>GQ907294,cosine,-1,0.9452825,-0.32625303,48,H16
>GQ907302,cosine,-1,-0.998135,-0.061045423,46,H13
>MH498778,cosine,-1,0.6133439,0.789816,48,H13
>MH499127,cosine,-1,-0.9973541,-0.0726968,46,H13
