accession,normalization,neighbors,0,1,cluster,protein
>MH499091,l2,-1,0.29617676,0.9551332,48,H13
>GQ907294,l2,-1,0.31961507,0.94754744,45,H16
>GQ907302,l2,-1,0.25981557,0.96565825,48,H13
>MH498778,l2,-1,0.36610615,0.9305731,45,H13
>MH499127,l2,-1,0.29514417,0.95545274,48,H13
