accession,normalization,neighbors,0,1,cluster,protein
>MH499091,l2,-1,-0.9978553,-0.06545829,46,H13
>GQ907294,l2,-1,0.94528216,-0.326254,48,H16
>GQ907302,l2,-1,-0.998135,-0.06104481,46,H13
>MH498778,l2,-1,0.61334467,0.78981537,48,H13
>MH499127,l2,-1,-0.99735415,-0.072695866,46,H13
