accession,metric,neighbors,0,1,cluster,protein
>MH499091,cosine,-1,-0.9978555,-0.06545554,46,H13
>GQ907294,cosine,-1,0.9452819,-0.32625464,48,H16
>GQ907302,cosine,-1,-0.998135,-0.061044797,46,H13
>MH498778,cosine,-1,0.6133448,0.7898153,48,H13
>MH499127,cosine,-1,-0.99735415,-0.072696,46,H13
