accession,metric,neighbors,0,1,cluster,protein
>MH499091,cosine,-1,0.2961772,0.955133,47,H13
>GQ907294,cosine,-1,0.3196156,0.9475474,44,H16
>GQ907302,cosine,-1,0.25981602,0.9656582,47,H13
>MH498778,cosine,-1,0.36610666,0.930573,44,H13
>MH499127,cosine,-1,0.2951446,0.9554527,47,H13
