accession,N2,N8
>MG925516,0.026533333333333343,0.4857333333333333
