accession,N1,N2
>MH346657,0.039264609323703216,0.5142481943532502
