accession,H1,H10
>MK237334,0.05810736026563366,0.4954067515218594
