accession,N1,N3
>MK237837,0.07536423841059603,0.49231788079470196
