accession,H1,H10
>MK237334,0.04896590273896031,0.4883174958077138
