accession,N1,N3
>MK237837,0.0690885072655218,0.4920739762219287
