accession,H1,H10
>MK237334,0.09854748603351955,0.4909497206703911
