accession,N2,N8
>MG925516,0.024601063829787218,0.4897606382978723
