accession,N1,N2
>MH346657,0.04397630019749834,0.5244239631336406
