accession,N1,N3
>MK237837,0.06189529489728298,0.49237905897945666
