accession,N1,N2
>MH346657,0.04804177545691905,0.5254569190600522
