accession,N2,N8
>MG925516,0.042894393741851375,0.4851368970013038
