segment,n_cluster,n_cluster_raw,unclustered,H_unmatch,N_unmatch,epsilon,dbcv,explained_var
1,11599,55436,13548,1152,1225,0.0,0.4042832800554337,0.7732858657836914
2,11596,55292,13457,1067,1169,0.0,0.4167381286676164,0.7556213140487671
3,11521,55351,13017,1080,1168,0.0,0.4219091949127449,0.7768028378486633
4,51,58,4,2,38,0.2,0.5717530193199829,0.7392141222953796
5,10717,32818,11478,1074,1158,0.0001,0.47902830777233163,0.7995094060897827
6,11143,34600,12065,713,3,0.0001,0.4547026321516827,0.7544695138931274
7,8866,55620,8753,1119,1227,0.0,0.5129866468304494,0.8216875791549683
8,9189,55563,9794,1125,1225,0.0,0.49295110869791803,0.8257796764373779
