segment,n_cluster,n_cluster_raw,n_cluster_norm,unclustered,H_unmatch,N_unmatch,epsilon,explained_var
1,28,72,0.14228456913827656,32,19,20,0.3432205803320716,0.8111085982204163
2,26,68,0.1342685370741483,23,15,15,0.3753819256055833,0.7975516060329262
3,30,71,0.1402805611222445,29,17,18,0.4036233652182854,0.8156262090715909
4,56,77,0.1523046092184369,7,1,44,0.2521468642814787,0.7925079965973522
5,27,75,0.14829659318637275,17,22,22,0.36296495810747315,0.8368545693015991
6,40,58,0.11422845691382766,17,28,3,0.2932868744898903,0.8032750307031395
7,32,74,0.1462925851703407,27,18,19,0.4535388565206823,0.8583072165752732
8,24,67,0.13226452905811623,24,15,15,0.4088645907166189,0.8604502400557129
