segment,n_cluster,n_cluster_raw,n_cluster_norm,unclustered,H_unmatch,N_unmatch,epsilon,explained_var
1,29,71,0.1402805611222445,32,19,20,0.3452828382818952,0.8111392658883553
2,25,66,0.13026052104208416,28,15,15,0.3750375342544645,0.7975379061972333
3,30,71,0.1402805611222445,31,18,19,0.39964780996808436,0.8155983738413239
4,57,77,0.1523046092184369,7,1,44,0.2517942712742597,0.7925185974274658
5,27,74,0.1462925851703407,21,22,22,0.3603381527849157,0.8368825760134638
6,40,57,0.11222444889779559,14,28,3,0.2948290502985922,0.8032861153180072
7,32,74,0.1462925851703407,30,17,18,0.4525799574839715,0.8583129626102934
8,25,67,0.13226452905811623,23,15,15,0.40836197330867247,0.8604384341704009
