segment,n_cluster,n_cluster_raw,n_cluster_norm,unclustered,H_unmatch,N_unmatch,epsilon,explained_var
1,36,72,0.14228456913827656,26,23,24,0.3320025191589768,0.8111357510343216
2,34,65,0.1282565130260521,17,19,19,0.36141052057421647,0.7975597098516735
3,43,69,0.13627254509018036,18,23,23,0.38286750316039314,0.8156152731516336
4,63,78,0.15430861723446893,7,1,48,0.23946525198514862,0.7925212615769459
5,38,70,0.13827655310621242,17,24,24,0.3516665215012856,0.8368835986149453
6,48,59,0.11623246492985972,8,31,3,0.28052818300740207,0.8032502507430167
7,41,75,0.14829659318637275,22,19,20,0.43519466082170527,0.8583104724323698
8,41,70,0.13827655310621242,20,20,21,0.37777813768013996,0.8604405911136169
